,img_name,x,y
0,captcha_1_rotated_1.png,54.58116883116888,18.63961038961033
1,captcha_1_rotated_2.png,54.58116883116888,18.63961038961033
2,captcha_1_rotated_3.png,54.58116883116888,18.63961038961033
3,captcha_1_rotated_4.png,54.58116883116888,18.63961038961033
4,captcha_10_rotated_1.png,155.52813852813856,67.44913419913416
5,captcha_10_rotated_2.png,155.52813852813856,67.44913419913416
6,captcha_10_rotated_3.png,155.52813852813856,67.44913419913416
7,captcha_10_rotated_4.png,155.52813852813856,67.44913419913416
8,captcha_100_rotated_1.png,22.41125541125544,191.6915584415584
9,captcha_100_rotated_2.png,22.41125541125544,191.6915584415584
10,captcha_100_rotated_3.png,22.41125541125544,191.6915584415584
11,captcha_100_rotated_4.png,22.41125541125544,191.6915584415584
12,captcha_101_rotated_1.png,60.12770562770564,165.06818181818176
13,captcha_101_rotated_2.png,60.12770562770564,165.06818181818176
14,captcha_101_rotated_3.png,60.12770562770564,165.06818181818176
15,captcha_101_rotated_4.png,60.12770562770564,165.06818181818176
16,captcha_102_rotated_1.png,155.52813852813856,170.61471861471858
17,captcha_102_rotated_2.png,155.52813852813856,170.61471861471858
18,captcha_102_rotated_3.png,155.52813852813856,170.61471861471858
19,captcha_102_rotated_4.png,155.52813852813856,170.61471861471858
20,captcha_103_rotated_1.png,75.6580086580087,30.841991341991275
21,captcha_103_rotated_2.png,75.6580086580087,30.841991341991275
22,captcha_103_rotated_3.png,75.6580086580087,30.841991341991275
23,captcha_103_rotated_4.png,75.6580086580087,30.841991341991275
24,captcha_104_rotated_1.png,133.34199134199136,188.36363636363632
25,captcha_104_rotated_2.png,133.34199134199136,188.36363636363632
26,captcha_104_rotated_3.png,133.34199134199136,188.36363636363632
27,captcha_104_rotated_4.png,133.34199134199136,188.36363636363632
28,captcha_105_rotated_1.png,134.45129870129875,37.49783549783541
29,captcha_105_rotated_2.png,134.45129870129875,37.49783549783541
30,captcha_105_rotated_3.png,134.45129870129875,37.49783549783541
31,captcha_105_rotated_4.png,134.45129870129875,37.49783549783541
32,captcha_106_rotated_1.png,9.099567099567167,129.57034632034623
33,captcha_106_rotated_2.png,9.099567099567167,129.57034632034623
34,captcha_106_rotated_3.png,9.099567099567167,129.57034632034623
35,captcha_106_rotated_4.png,9.099567099567167,129.57034632034623
36,captcha_107_rotated_1.png,29.06709956709965,182.8170995670995
37,captcha_107_rotated_2.png,29.06709956709965,182.8170995670995
38,captcha_107_rotated_3.png,29.06709956709965,182.8170995670995
39,captcha_107_rotated_4.png,29.06709956709965,182.8170995670995
40,captcha_108_rotated_1.png,100.06277056277062,36.3885281385281
41,captcha_108_rotated_2.png,100.06277056277062,36.3885281385281
42,captcha_108_rotated_3.png,100.06277056277062,36.3885281385281
43,captcha_108_rotated_4.png,100.06277056277062,36.3885281385281
44,captcha_109_rotated_1.png,148.8722943722944,53.02813852813847
45,captcha_109_rotated_2.png,148.8722943722944,53.02813852813847
46,captcha_109_rotated_3.png,148.8722943722944,53.02813852813847
47,captcha_109_rotated_4.png,148.8722943722944,53.02813852813847
48,captcha_11_rotated_1.png,46.816017316017366,25.295454545454504
49,captcha_11_rotated_2.png,46.816017316017366,25.295454545454504
50,captcha_11_rotated_3.png,46.816017316017366,25.295454545454504
51,captcha_11_rotated_4.png,46.816017316017366,25.295454545454504
52,captcha_110_rotated_1.png,32.395021645021686,122.91450216450208
53,captcha_110_rotated_2.png,32.395021645021686,122.91450216450208
54,captcha_110_rotated_3.png,32.395021645021686,122.91450216450208
55,captcha_110_rotated_4.png,32.395021645021686,122.91450216450208
56,captcha_111_rotated_1.png,174.38636363636363,59.683982683982606
57,captcha_111_rotated_2.png,174.38636363636363,59.683982683982606
58,captcha_111_rotated_3.png,174.38636363636363,59.683982683982606
59,captcha_111_rotated_4.png,174.38636363636363,59.683982683982606
60,captcha_112_rotated_1.png,141.1071428571429,100.7283549783549
61,captcha_112_rotated_2.png,141.1071428571429,100.7283549783549
62,captcha_112_rotated_3.png,141.1071428571429,100.7283549783549
63,captcha_112_rotated_4.png,141.1071428571429,100.7283549783549
64,captcha_113_rotated_1.png,123.35822510822516,59.683982683982606
65,captcha_113_rotated_2.png,123.35822510822516,59.683982683982606
66,captcha_113_rotated_3.png,123.35822510822516,59.683982683982606
67,captcha_113_rotated_4.png,123.35822510822516,59.683982683982606
68,captcha_114_rotated_1.png,100.06277056277062,66.3398268398268
69,captcha_114_rotated_2.png,100.06277056277062,66.3398268398268
70,captcha_114_rotated_3.png,100.06277056277062,66.3398268398268
71,captcha_114_rotated_4.png,100.06277056277062,66.3398268398268
72,captcha_115_rotated_1.png,137.7792207792208,108.49350649350647
73,captcha_115_rotated_2.png,137.7792207792208,108.49350649350647
74,captcha_115_rotated_3.png,137.7792207792208,108.49350649350647
75,captcha_115_rotated_4.png,137.7792207792208,108.49350649350647
76,captcha_116_rotated_1.png,25.739177489177536,147.319264069264
77,captcha_116_rotated_2.png,25.739177489177536,147.319264069264
78,captcha_116_rotated_3.png,25.739177489177536,147.319264069264
79,captcha_116_rotated_4.png,25.739177489177536,147.319264069264
80,captcha_117_rotated_1.png,19.0833333333334,142.8820346320346
81,captcha_117_rotated_2.png,19.0833333333334,142.8820346320346
82,captcha_117_rotated_3.png,19.0833333333334,142.8820346320346
83,captcha_117_rotated_4.png,19.0833333333334,142.8820346320346
84,captcha_118_rotated_1.png,70.11147186147193,175.051948051948
85,captcha_118_rotated_2.png,70.11147186147193,175.051948051948
86,captcha_118_rotated_3.png,70.11147186147193,175.051948051948
87,captcha_118_rotated_4.png,70.11147186147193,175.051948051948
88,captcha_119_rotated_1.png,181.04220779220785,178.37987012987008
89,captcha_119_rotated_2.png,181.04220779220785,178.37987012987008
90,captcha_119_rotated_3.png,181.04220779220785,178.37987012987008
91,captcha_119_rotated_4.png,181.04220779220785,178.37987012987008
92,captcha_12_rotated_1.png,22.41125541125544,134.0075757575757
93,captcha_12_rotated_2.png,22.41125541125544,134.0075757575757
94,captcha_12_rotated_3.png,22.41125541125544,134.0075757575757
95,captcha_12_rotated_4.png,22.41125541125544,134.0075757575757
96,captcha_120_rotated_1.png,49.0346320346321,65.23051948051943
97,captcha_120_rotated_2.png,49.0346320346321,65.23051948051943
98,captcha_120_rotated_3.png,49.0346320346321,65.23051948051943
99,captcha_120_rotated_4.png,49.0346320346321,65.23051948051943
100,captcha_121_rotated_1.png,80.09523809523816,57.46536796536793
101,captcha_121_rotated_2.png,80.09523809523816,57.46536796536793
102,captcha_121_rotated_3.png,80.09523809523816,57.46536796536793
103,captcha_121_rotated_4.png,80.09523809523816,57.46536796536793
104,captcha_122_rotated_1.png,184.3701298701299,37.49783549783541
105,captcha_122_rotated_2.png,184.3701298701299,37.49783549783541
106,captcha_122_rotated_3.png,184.3701298701299,37.49783549783541
107,captcha_122_rotated_4.png,184.3701298701299,37.49783549783541
108,captcha_123_rotated_1.png,53.4718614718615,108.49350649350647
109,captcha_123_rotated_2.png,53.4718614718615,108.49350649350647
110,captcha_123_rotated_3.png,53.4718614718615,108.49350649350647
111,captcha_123_rotated_4.png,53.4718614718615,108.49350649350647
112,captcha_124_rotated_1.png,76.76731601731606,145.1006493506493
113,captcha_124_rotated_2.png,76.76731601731606,145.1006493506493
114,captcha_124_rotated_3.png,76.76731601731606,145.1006493506493
115,captcha_124_rotated_4.png,76.76731601731606,145.1006493506493
116,captcha_125_rotated_1.png,31.285714285714302,101.83766233766228
117,captcha_125_rotated_2.png,31.285714285714302,101.83766233766228
118,captcha_125_rotated_3.png,31.285714285714302,101.83766233766228
119,captcha_125_rotated_4.png,31.285714285714302,101.83766233766228
120,captcha_126_rotated_1.png,94.5162337662338,141.7727272727272
121,captcha_126_rotated_2.png,94.5162337662338,141.7727272727272
122,captcha_126_rotated_3.png,94.5162337662338,141.7727272727272
123,captcha_126_rotated_4.png,94.5162337662338,141.7727272727272
124,captcha_127_rotated_1.png,35.722943722943754,55.2467532467532
125,captcha_127_rotated_2.png,35.722943722943754,55.2467532467532
126,captcha_127_rotated_3.png,35.722943722943754,55.2467532467532
127,captcha_127_rotated_4.png,35.722943722943754,55.2467532467532
128,captcha_128_rotated_1.png,127.7954545454546,147.319264069264
129,captcha_128_rotated_2.png,127.7954545454546,147.319264069264
130,captcha_128_rotated_3.png,127.7954545454546,147.319264069264
131,captcha_128_rotated_4.png,127.7954545454546,147.319264069264
132,captcha_129_rotated_1.png,110.04653679653686,87.41666666666663
133,captcha_129_rotated_2.png,110.04653679653686,87.41666666666663
134,captcha_129_rotated_3.png,110.04653679653686,87.41666666666663
135,captcha_129_rotated_4.png,110.04653679653686,87.41666666666663
136,captcha_13_rotated_1.png,131.12337662337669,186.14502164502164
137,captcha_13_rotated_2.png,131.12337662337669,186.14502164502164
138,captcha_13_rotated_3.png,131.12337662337669,186.14502164502164
139,captcha_13_rotated_4.png,131.12337662337669,186.14502164502164
140,captcha_130_rotated_1.png,164.40259740259745,30.841991341991275
141,captcha_130_rotated_2.png,164.40259740259745,30.841991341991275
142,captcha_130_rotated_3.png,164.40259740259745,30.841991341991275
143,captcha_130_rotated_4.png,164.40259740259745,30.841991341991275
144,captcha_131_rotated_1.png,40.16017316017316,158.41233766233762
145,captcha_131_rotated_2.png,40.16017316017316,158.41233766233762
146,captcha_131_rotated_3.png,40.16017316017316,158.41233766233762
147,captcha_131_rotated_4.png,40.16017316017316,158.41233766233762
148,captcha_132_rotated_1.png,29.06709956709965,118.47727272727263
149,captcha_132_rotated_2.png,29.06709956709965,118.47727272727263
150,captcha_132_rotated_3.png,29.06709956709965,118.47727272727263
151,captcha_132_rotated_4.png,29.06709956709965,118.47727272727263
152,captcha_133_rotated_1.png,17.974025974026034,124.02380952380943
153,captcha_133_rotated_2.png,17.974025974026034,124.02380952380943
154,captcha_133_rotated_3.png,17.974025974026034,124.02380952380943
155,captcha_133_rotated_4.png,17.974025974026034,124.02380952380943
156,captcha_134_rotated_1.png,96.73484848484853,14.202380952380906
157,captcha_134_rotated_2.png,96.73484848484853,14.202380952380906
158,captcha_134_rotated_3.png,96.73484848484853,14.202380952380906
159,captcha_134_rotated_4.png,96.73484848484853,14.202380952380906
160,captcha_135_rotated_1.png,158.85606060606065,126.2424242424242
161,captcha_135_rotated_2.png,158.85606060606065,126.2424242424242
162,captcha_135_rotated_3.png,158.85606060606065,126.2424242424242
163,captcha_135_rotated_4.png,158.85606060606065,126.2424242424242
164,captcha_136_rotated_1.png,168.83982683982688,96.2911255411255
165,captcha_136_rotated_2.png,168.83982683982688,96.2911255411255
166,captcha_136_rotated_3.png,168.83982683982688,96.2911255411255
167,captcha_136_rotated_4.png,168.83982683982688,96.2911255411255
168,captcha_137_rotated_1.png,115.59307359307364,31.95129870129864
169,captcha_137_rotated_2.png,115.59307359307364,31.95129870129864
170,captcha_137_rotated_3.png,115.59307359307364,31.95129870129864
171,captcha_137_rotated_4.png,115.59307359307364,31.95129870129864
172,captcha_138_rotated_1.png,29.06709956709965,176.1612554112553
173,captcha_138_rotated_2.png,29.06709956709965,176.1612554112553
174,captcha_138_rotated_3.png,29.06709956709965,176.1612554112553
175,captcha_138_rotated_4.png,29.06709956709965,176.1612554112553
176,captcha_139_rotated_1.png,46.816017316017366,176.1612554112553
177,captcha_139_rotated_2.png,46.816017316017366,176.1612554112553
178,captcha_139_rotated_3.png,46.816017316017366,176.1612554112553
179,captcha_139_rotated_4.png,46.816017316017366,176.1612554112553
180,captcha_14_rotated_1.png,149.98160173160176,92.9632034632034
181,captcha_14_rotated_2.png,149.98160173160176,92.9632034632034
182,captcha_14_rotated_3.png,149.98160173160176,92.9632034632034
183,captcha_14_rotated_4.png,149.98160173160176,92.9632034632034
184,captcha_140_rotated_1.png,120.03030303030307,106.27489177489171
185,captcha_140_rotated_2.png,120.03030303030307,106.27489177489171
186,captcha_140_rotated_3.png,120.03030303030307,106.27489177489171
187,captcha_140_rotated_4.png,120.03030303030307,106.27489177489171
188,captcha_141_rotated_1.png,82.31385281385283,147.319264069264
189,captcha_141_rotated_2.png,82.31385281385283,147.319264069264
190,captcha_141_rotated_3.png,82.31385281385283,147.319264069264
191,captcha_141_rotated_4.png,82.31385281385283,147.319264069264
192,captcha_142_rotated_1.png,155.52813852813856,193.9101731601732
193,captcha_142_rotated_2.png,155.52813852813856,193.9101731601732
194,captcha_142_rotated_3.png,155.52813852813856,193.9101731601732
195,captcha_142_rotated_4.png,155.52813852813856,193.9101731601732
196,captcha_143_rotated_1.png,71.22077922077924,188.36363636363632
197,captcha_143_rotated_2.png,71.22077922077924,188.36363636363632
198,captcha_143_rotated_3.png,71.22077922077924,188.36363636363632
199,captcha_143_rotated_4.png,71.22077922077924,188.36363636363632
200,captcha_144_rotated_1.png,123.35822510822516,72.9956709956709
201,captcha_144_rotated_2.png,123.35822510822516,72.9956709956709
202,captcha_144_rotated_3.png,123.35822510822516,72.9956709956709
203,captcha_144_rotated_4.png,123.35822510822516,72.9956709956709
204,captcha_145_rotated_1.png,32.395021645021686,177.27056277056272
205,captcha_145_rotated_2.png,32.395021645021686,177.27056277056272
206,captcha_145_rotated_3.png,32.395021645021686,177.27056277056272
207,captcha_145_rotated_4.png,32.395021645021686,177.27056277056272
208,captcha_146_rotated_1.png,132.232683982684,191.6915584415584
209,captcha_146_rotated_2.png,132.232683982684,191.6915584415584
210,captcha_146_rotated_3.png,132.232683982684,191.6915584415584
211,captcha_146_rotated_4.png,132.232683982684,191.6915584415584
212,captcha_147_rotated_1.png,175.49567099567105,27.51406926406917
213,captcha_147_rotated_2.png,175.49567099567105,27.51406926406917
214,captcha_147_rotated_3.png,175.49567099567105,27.51406926406917
215,captcha_147_rotated_4.png,175.49567099567105,27.51406926406917
216,captcha_148_rotated_1.png,29.06709956709965,105.1655844155844
217,captcha_148_rotated_2.png,29.06709956709965,105.1655844155844
218,captcha_148_rotated_3.png,29.06709956709965,105.1655844155844
219,captcha_148_rotated_4.png,29.06709956709965,105.1655844155844
220,captcha_149_rotated_1.png,105.6093073593074,196.12878787878788
221,captcha_149_rotated_2.png,105.6093073593074,196.12878787878788
222,captcha_149_rotated_3.png,105.6093073593074,196.12878787878788
223,captcha_149_rotated_4.png,105.6093073593074,196.12878787878788
224,captcha_15_rotated_1.png,40.16017316017316,55.2467532467532
225,captcha_15_rotated_2.png,40.16017316017316,55.2467532467532
226,captcha_15_rotated_3.png,40.16017316017316,55.2467532467532
227,captcha_15_rotated_4.png,40.16017316017316,55.2467532467532
228,captcha_150_rotated_1.png,64.5649350649351,61.90259740259734
229,captcha_150_rotated_2.png,64.5649350649351,61.90259740259734
230,captcha_150_rotated_3.png,64.5649350649351,61.90259740259734
231,captcha_150_rotated_4.png,64.5649350649351,61.90259740259734
232,captcha_151_rotated_1.png,87.86038961038966,27.51406926406917
233,captcha_151_rotated_2.png,87.86038961038966,27.51406926406917
234,captcha_151_rotated_3.png,87.86038961038966,27.51406926406917
235,captcha_151_rotated_4.png,87.86038961038966,27.51406926406917
236,captcha_152_rotated_1.png,20.19264069264071,37.49783549783541
237,captcha_152_rotated_2.png,20.19264069264071,37.49783549783541
238,captcha_152_rotated_3.png,20.19264069264071,37.49783549783541
239,captcha_152_rotated_4.png,20.19264069264071,37.49783549783541
240,captcha_153_rotated_1.png,154.4188311688312,124.02380952380943
241,captcha_153_rotated_2.png,154.4188311688312,124.02380952380943
242,captcha_153_rotated_3.png,154.4188311688312,124.02380952380943
243,captcha_153_rotated_4.png,154.4188311688312,124.02380952380943
244,captcha_154_rotated_1.png,118.9209956709957,139.5541125541125
245,captcha_154_rotated_2.png,118.9209956709957,139.5541125541125
246,captcha_154_rotated_3.png,118.9209956709957,139.5541125541125
247,captcha_154_rotated_4.png,118.9209956709957,139.5541125541125
248,captcha_155_rotated_1.png,188.8073593073593,181.70779220779212
249,captcha_155_rotated_2.png,188.8073593073593,181.70779220779212
250,captcha_155_rotated_3.png,188.8073593073593,181.70779220779212
251,captcha_155_rotated_4.png,188.8073593073593,181.70779220779212
252,captcha_156_rotated_1.png,155.52813852813856,58.57467532467524
253,captcha_156_rotated_2.png,155.52813852813856,58.57467532467524
254,captcha_156_rotated_3.png,155.52813852813856,58.57467532467524
255,captcha_156_rotated_4.png,155.52813852813856,58.57467532467524
256,captcha_157_rotated_1.png,83.4231601731602,101.83766233766228
257,captcha_157_rotated_2.png,83.4231601731602,101.83766233766228
258,captcha_157_rotated_3.png,83.4231601731602,101.83766233766228
259,captcha_157_rotated_4.png,83.4231601731602,101.83766233766228
260,captcha_158_rotated_1.png,87.86038961038966,101.83766233766228
261,captcha_158_rotated_2.png,87.86038961038966,101.83766233766228
262,captcha_158_rotated_3.png,87.86038961038966,101.83766233766228
263,captcha_158_rotated_4.png,87.86038961038966,101.83766233766228
264,captcha_159_rotated_1.png,173.2770562770563,64.12121212121207
265,captcha_159_rotated_2.png,173.2770562770563,64.12121212121207
266,captcha_159_rotated_3.png,173.2770562770563,64.12121212121207
267,captcha_159_rotated_4.png,173.2770562770563,64.12121212121207
268,captcha_16_rotated_1.png,145.54437229437232,95.18181818181812
269,captcha_16_rotated_2.png,145.54437229437232,95.18181818181812
270,captcha_16_rotated_3.png,145.54437229437232,95.18181818181812
271,captcha_16_rotated_4.png,145.54437229437232,95.18181818181812
272,captcha_160_rotated_1.png,172.16774891774887,163.95887445887445
273,captcha_160_rotated_2.png,172.16774891774887,163.95887445887445
274,captcha_160_rotated_3.png,172.16774891774887,163.95887445887445
275,captcha_160_rotated_4.png,172.16774891774887,163.95887445887445
276,captcha_161_rotated_1.png,128.90476190476195,169.50541125541122
277,captcha_161_rotated_2.png,128.90476190476195,169.50541125541122
278,captcha_161_rotated_3.png,128.90476190476195,169.50541125541122
279,captcha_161_rotated_4.png,128.90476190476195,169.50541125541122
280,captcha_162_rotated_1.png,181.04220779220785,147.319264069264
281,captcha_162_rotated_2.png,181.04220779220785,147.319264069264
282,captcha_162_rotated_3.png,181.04220779220785,147.319264069264
283,captcha_162_rotated_4.png,181.04220779220785,147.319264069264
284,captcha_163_rotated_1.png,182.1515151515152,145.1006493506493
285,captcha_163_rotated_2.png,182.1515151515152,145.1006493506493
286,captcha_163_rotated_3.png,182.1515151515152,145.1006493506493
287,captcha_163_rotated_4.png,182.1515151515152,145.1006493506493
288,captcha_164_rotated_1.png,118.9209956709957,142.8820346320346
289,captcha_164_rotated_2.png,118.9209956709957,142.8820346320346
290,captcha_164_rotated_3.png,118.9209956709957,142.8820346320346
291,captcha_164_rotated_4.png,118.9209956709957,142.8820346320346
292,captcha_165_rotated_1.png,94.5162337662338,187.2543290043289
293,captcha_165_rotated_2.png,94.5162337662338,187.2543290043289
294,captcha_165_rotated_3.png,94.5162337662338,187.2543290043289
295,captcha_165_rotated_4.png,94.5162337662338,187.2543290043289
296,captcha_166_rotated_1.png,102.2813852813853,84.08874458874453
297,captcha_166_rotated_2.png,102.2813852813853,84.08874458874453
298,captcha_166_rotated_3.png,102.2813852813853,84.08874458874453
299,captcha_166_rotated_4.png,102.2813852813853,84.08874458874453
300,captcha_167_rotated_1.png,96.73484848484853,75.2142857142857
301,captcha_167_rotated_2.png,96.73484848484853,75.2142857142857
302,captcha_167_rotated_3.png,96.73484848484853,75.2142857142857
303,captcha_167_rotated_4.png,96.73484848484853,75.2142857142857
304,captcha_168_rotated_1.png,93.40692640692644,75.2142857142857
305,captcha_168_rotated_2.png,93.40692640692644,75.2142857142857
306,captcha_168_rotated_3.png,93.40692640692644,75.2142857142857
307,captcha_168_rotated_4.png,93.40692640692644,75.2142857142857
308,captcha_169_rotated_1.png,43.48809523809528,33.060606060606005
309,captcha_169_rotated_2.png,43.48809523809528,33.060606060606005
310,captcha_169_rotated_3.png,43.48809523809528,33.060606060606005
311,captcha_169_rotated_4.png,43.48809523809528,33.060606060606005
312,captcha_17_rotated_1.png,135.5606060606061,33.060606060606005
313,captcha_17_rotated_2.png,135.5606060606061,33.060606060606005
314,captcha_17_rotated_3.png,135.5606060606061,33.060606060606005
315,captcha_17_rotated_4.png,135.5606060606061,33.060606060606005
316,captcha_170_rotated_1.png,141.1071428571429,29.73268398268391
317,captcha_170_rotated_2.png,141.1071428571429,29.73268398268391
318,captcha_170_rotated_3.png,141.1071428571429,29.73268398268391
319,captcha_170_rotated_4.png,141.1071428571429,29.73268398268391
320,captcha_171_rotated_1.png,78.9859307359308,157.30303030303023
321,captcha_171_rotated_2.png,78.9859307359308,157.30303030303023
322,captcha_171_rotated_3.png,78.9859307359308,157.30303030303023
323,captcha_171_rotated_4.png,78.9859307359308,157.30303030303023
324,captcha_172_rotated_1.png,127.7954545454546,145.1006493506493
325,captcha_172_rotated_2.png,127.7954545454546,145.1006493506493
326,captcha_172_rotated_3.png,127.7954545454546,145.1006493506493
327,captcha_172_rotated_4.png,127.7954545454546,145.1006493506493
328,captcha_173_rotated_1.png,61.237012987013,81.8701298701298
329,captcha_173_rotated_2.png,61.237012987013,81.8701298701298
330,captcha_173_rotated_3.png,61.237012987013,81.8701298701298
331,captcha_173_rotated_4.png,61.237012987013,81.8701298701298
332,captcha_174_rotated_1.png,187.698051948052,80.76082251082244
333,captcha_174_rotated_2.png,187.698051948052,80.76082251082244
334,captcha_174_rotated_3.png,187.698051948052,80.76082251082244
335,captcha_174_rotated_4.png,187.698051948052,80.76082251082244
336,captcha_175_rotated_1.png,184.3701298701299,107.3841991341991
337,captcha_175_rotated_2.png,184.3701298701299,107.3841991341991
338,captcha_175_rotated_3.png,184.3701298701299,107.3841991341991
339,captcha_175_rotated_4.png,184.3701298701299,107.3841991341991
340,captcha_176_rotated_1.png,66.78354978354983,102.94696969696965
341,captcha_176_rotated_2.png,66.78354978354983,102.94696969696965
342,captcha_176_rotated_3.png,66.78354978354983,102.94696969696965
343,captcha_176_rotated_4.png,66.78354978354983,102.94696969696965
344,captcha_177_rotated_1.png,82.31385281385283,49.70021645021637
345,captcha_177_rotated_2.png,82.31385281385283,49.70021645021637
346,captcha_177_rotated_3.png,82.31385281385283,49.70021645021637
347,captcha_177_rotated_4.png,82.31385281385283,49.70021645021637
348,captcha_178_rotated_1.png,78.9859307359308,54.13744588744584
349,captcha_178_rotated_2.png,78.9859307359308,54.13744588744584
350,captcha_178_rotated_3.png,78.9859307359308,54.13744588744584
351,captcha_178_rotated_4.png,78.9859307359308,54.13744588744584
352,captcha_179_rotated_1.png,97.84415584415588,44.1536796536796
353,captcha_179_rotated_2.png,97.84415584415588,44.1536796536796
354,captcha_179_rotated_3.png,97.84415584415588,44.1536796536796
355,captcha_179_rotated_4.png,97.84415584415588,44.1536796536796
356,captcha_18_rotated_1.png,185.47943722943725,90.74458874458868
357,captcha_18_rotated_2.png,185.47943722943725,90.74458874458868
358,captcha_18_rotated_3.png,185.47943722943725,90.74458874458868
359,captcha_18_rotated_4.png,185.47943722943725,90.74458874458868
360,captcha_180_rotated_1.png,23.520562770562805,38.607142857142776
361,captcha_180_rotated_2.png,23.520562770562805,38.607142857142776
362,captcha_180_rotated_3.png,23.520562770562805,38.607142857142776
363,captcha_180_rotated_4.png,23.520562770562805,38.607142857142776
364,captcha_181_rotated_1.png,125.57683982683984,140.66341991341983
365,captcha_181_rotated_2.png,125.57683982683984,140.66341991341983
366,captcha_181_rotated_3.png,125.57683982683984,140.66341991341983
367,captcha_181_rotated_4.png,125.57683982683984,140.66341991341983
368,captcha_182_rotated_1.png,105.6093073593074,101.83766233766228
369,captcha_182_rotated_2.png,105.6093073593074,101.83766233766228
370,captcha_182_rotated_3.png,105.6093073593074,101.83766233766228
371,captcha_182_rotated_4.png,105.6093073593074,101.83766233766228
372,captcha_183_rotated_1.png,161.07467532467535,172.83333333333326
373,captcha_183_rotated_2.png,161.07467532467535,172.83333333333326
374,captcha_183_rotated_3.png,161.07467532467535,172.83333333333326
375,captcha_183_rotated_4.png,161.07467532467535,172.83333333333326
376,captcha_184_rotated_1.png,59.01839826839832,179.48917748917745
377,captcha_184_rotated_2.png,59.01839826839832,179.48917748917745
378,captcha_184_rotated_3.png,59.01839826839832,179.48917748917745
379,captcha_184_rotated_4.png,59.01839826839832,179.48917748917745
380,captcha_185_rotated_1.png,23.520562770562805,131.788961038961
381,captcha_185_rotated_2.png,23.520562770562805,131.788961038961
382,captcha_185_rotated_3.png,23.520562770562805,131.788961038961
383,captcha_185_rotated_4.png,23.520562770562805,131.788961038961
384,captcha_186_rotated_1.png,193.2445887445888,40.82575757575751
385,captcha_186_rotated_2.png,193.2445887445888,40.82575757575751
386,captcha_186_rotated_3.png,193.2445887445888,40.82575757575751
387,captcha_186_rotated_4.png,193.2445887445888,40.82575757575751
388,captcha_187_rotated_1.png,145.54437229437232,141.7727272727272
389,captcha_187_rotated_2.png,145.54437229437232,141.7727272727272
390,captcha_187_rotated_3.png,145.54437229437232,141.7727272727272
391,captcha_187_rotated_4.png,145.54437229437232,141.7727272727272
392,captcha_188_rotated_1.png,22.41125541125544,69.66774891774884
393,captcha_188_rotated_2.png,22.41125541125544,69.66774891774884
394,captcha_188_rotated_3.png,22.41125541125544,69.66774891774884
395,captcha_188_rotated_4.png,22.41125541125544,69.66774891774884
396,captcha_189_rotated_1.png,134.45129870129875,190.58225108225105
397,captcha_189_rotated_2.png,134.45129870129875,190.58225108225105
398,captcha_189_rotated_3.png,134.45129870129875,190.58225108225105
399,captcha_189_rotated_4.png,134.45129870129875,190.58225108225105
400,captcha_19_rotated_1.png,49.0346320346321,132.8982683982684
401,captcha_19_rotated_2.png,49.0346320346321,132.8982683982684
402,captcha_19_rotated_3.png,49.0346320346321,132.8982683982684
403,captcha_19_rotated_4.png,49.0346320346321,132.8982683982684
404,captcha_190_rotated_1.png,161.07467532467535,165.06818181818176
405,captcha_190_rotated_2.png,161.07467532467535,165.06818181818176
406,captcha_190_rotated_3.png,161.07467532467535,165.06818181818176
407,captcha_190_rotated_4.png,161.07467532467535,165.06818181818176
408,captcha_191_rotated_1.png,59.01839826839832,86.30735930735929
409,captcha_191_rotated_2.png,59.01839826839832,86.30735930735929
410,captcha_191_rotated_3.png,59.01839826839832,86.30735930735929
411,captcha_191_rotated_4.png,59.01839826839832,86.30735930735929
412,captcha_192_rotated_1.png,122.24891774891776,145.1006493506493
413,captcha_192_rotated_2.png,122.24891774891776,145.1006493506493
414,captcha_192_rotated_3.png,122.24891774891776,145.1006493506493
415,captcha_192_rotated_4.png,122.24891774891776,145.1006493506493
416,captcha_193_rotated_1.png,177.71428571428572,60.79329004328997
417,captcha_193_rotated_2.png,177.71428571428572,60.79329004328997
418,captcha_193_rotated_3.png,177.71428571428572,60.79329004328997
419,captcha_193_rotated_4.png,177.71428571428572,60.79329004328997
420,captcha_194_rotated_1.png,162.1839826839827,46.372294372294334
421,captcha_194_rotated_2.png,162.1839826839827,46.372294372294334
422,captcha_194_rotated_3.png,162.1839826839827,46.372294372294334
423,captcha_194_rotated_4.png,162.1839826839827,46.372294372294334
424,captcha_195_rotated_1.png,156.63744588744592,169.50541125541122
425,captcha_195_rotated_2.png,156.63744588744592,169.50541125541122
426,captcha_195_rotated_3.png,156.63744588744592,169.50541125541122
427,captcha_195_rotated_4.png,156.63744588744592,169.50541125541122
428,captcha_196_rotated_1.png,172.16774891774887,128.46103896103887
429,captcha_196_rotated_2.png,172.16774891774887,128.46103896103887
430,captcha_196_rotated_3.png,172.16774891774887,128.46103896103887
431,captcha_196_rotated_4.png,172.16774891774887,128.46103896103887
432,captcha_197_rotated_1.png,146.6536796536797,160.6309523809523
433,captcha_197_rotated_2.png,146.6536796536797,160.6309523809523
434,captcha_197_rotated_3.png,146.6536796536797,160.6309523809523
435,captcha_197_rotated_4.png,146.6536796536797,160.6309523809523
436,captcha_198_rotated_1.png,159.965367965368,171.72402597402595
437,captcha_198_rotated_2.png,159.965367965368,171.72402597402595
438,captcha_198_rotated_3.png,159.965367965368,171.72402597402595
439,captcha_198_rotated_4.png,159.965367965368,171.72402597402595
440,captcha_199_rotated_1.png,49.0346320346321,71.88636363636357
441,captcha_199_rotated_2.png,49.0346320346321,71.88636363636357
442,captcha_199_rotated_3.png,49.0346320346321,71.88636363636357
443,captcha_199_rotated_4.png,49.0346320346321,71.88636363636357
444,captcha_2_rotated_1.png,10.208874458874476,30.841991341991275
445,captcha_2_rotated_2.png,10.208874458874476,30.841991341991275
446,captcha_2_rotated_3.png,10.208874458874476,30.841991341991275
447,captcha_2_rotated_4.png,10.208874458874476,30.841991341991275
448,captcha_20_rotated_1.png,161.07467532467535,160.6309523809523
449,captcha_20_rotated_2.png,161.07467532467535,160.6309523809523
450,captcha_20_rotated_3.png,161.07467532467535,160.6309523809523
451,captcha_20_rotated_4.png,161.07467532467535,160.6309523809523
452,captcha_200_rotated_1.png,166.62121212121212,81.8701298701298
453,captcha_200_rotated_2.png,166.62121212121212,81.8701298701298
454,captcha_200_rotated_3.png,166.62121212121212,81.8701298701298
455,captcha_200_rotated_4.png,166.62121212121212,81.8701298701298
456,captcha_201_rotated_1.png,96.73484848484853,38.607142857142776
457,captcha_201_rotated_2.png,96.73484848484853,38.607142857142776
458,captcha_201_rotated_3.png,96.73484848484853,38.607142857142776
459,captcha_201_rotated_4.png,96.73484848484853,38.607142857142776
460,captcha_202_rotated_1.png,154.4188311688312,111.8214285714285
461,captcha_202_rotated_2.png,154.4188311688312,111.8214285714285
462,captcha_202_rotated_3.png,154.4188311688312,111.8214285714285
463,captcha_202_rotated_4.png,154.4188311688312,111.8214285714285
464,captcha_203_rotated_1.png,49.0346320346321,68.55844155844147
465,captcha_203_rotated_2.png,49.0346320346321,68.55844155844147
466,captcha_203_rotated_3.png,49.0346320346321,68.55844155844147
467,captcha_203_rotated_4.png,49.0346320346321,68.55844155844147
468,captcha_204_rotated_1.png,194.3538961038961,137.3354978354978
469,captcha_204_rotated_2.png,194.3538961038961,137.3354978354978
470,captcha_204_rotated_3.png,194.3538961038961,137.3354978354978
471,captcha_204_rotated_4.png,194.3538961038961,137.3354978354978
472,captcha_205_rotated_1.png,107.82792207792212,138.4448051948052
473,captcha_205_rotated_2.png,107.82792207792212,138.4448051948052
474,captcha_205_rotated_3.png,107.82792207792212,138.4448051948052
475,captcha_205_rotated_4.png,107.82792207792212,138.4448051948052
476,captcha_206_rotated_1.png,26.8484848484849,185.03571428571425
477,captcha_206_rotated_2.png,26.8484848484849,185.03571428571425
478,captcha_206_rotated_3.png,26.8484848484849,185.03571428571425
479,captcha_206_rotated_4.png,26.8484848484849,185.03571428571425
480,captcha_207_rotated_1.png,152.2002164502165,34.16991341991337
481,captcha_207_rotated_2.png,152.2002164502165,34.16991341991337
482,captcha_207_rotated_3.png,152.2002164502165,34.16991341991337
483,captcha_207_rotated_4.png,152.2002164502165,34.16991341991337
484,captcha_208_rotated_1.png,33.50432900432904,182.8170995670995
485,captcha_208_rotated_2.png,33.50432900432904,182.8170995670995
486,captcha_208_rotated_3.png,33.50432900432904,182.8170995670995
487,captcha_208_rotated_4.png,33.50432900432904,182.8170995670995
488,captcha_209_rotated_1.png,42.378787878787904,180.5984848484848
489,captcha_209_rotated_2.png,42.378787878787904,180.5984848484848
490,captcha_209_rotated_3.png,42.378787878787904,180.5984848484848
491,captcha_209_rotated_4.png,42.378787878787904,180.5984848484848
492,captcha_21_rotated_1.png,103.39069264069266,141.7727272727272
493,captcha_21_rotated_2.png,103.39069264069266,141.7727272727272
494,captcha_21_rotated_3.png,103.39069264069266,141.7727272727272
495,captcha_21_rotated_4.png,103.39069264069266,141.7727272727272
496,captcha_210_rotated_1.png,74.54870129870133,58.57467532467524
497,captcha_210_rotated_2.png,74.54870129870133,58.57467532467524
498,captcha_210_rotated_3.png,74.54870129870133,58.57467532467524
499,captcha_210_rotated_4.png,74.54870129870133,58.57467532467524
500,captcha_211_rotated_1.png,49.0346320346321,138.4448051948052
501,captcha_211_rotated_2.png,49.0346320346321,138.4448051948052
502,captcha_211_rotated_3.png,49.0346320346321,138.4448051948052
503,captcha_211_rotated_4.png,49.0346320346321,138.4448051948052
504,captcha_212_rotated_1.png,113.3744588744589,188.36363636363632
505,captcha_212_rotated_2.png,113.3744588744589,188.36363636363632
506,captcha_212_rotated_3.png,113.3744588744589,188.36363636363632
507,captcha_212_rotated_4.png,113.3744588744589,188.36363636363632
508,captcha_213_rotated_1.png,175.49567099567105,54.13744588744584
509,captcha_213_rotated_2.png,175.49567099567105,54.13744588744584
510,captcha_213_rotated_3.png,175.49567099567105,54.13744588744584
511,captcha_213_rotated_4.png,175.49567099567105,54.13744588744584
512,captcha_214_rotated_1.png,49.0346320346321,155.08441558441552
513,captcha_214_rotated_2.png,49.0346320346321,155.08441558441552
514,captcha_214_rotated_3.png,49.0346320346321,155.08441558441552
515,captcha_214_rotated_4.png,49.0346320346321,155.08441558441552
516,captcha_215_rotated_1.png,26.8484848484849,66.3398268398268
517,captcha_215_rotated_2.png,26.8484848484849,66.3398268398268
518,captcha_215_rotated_3.png,26.8484848484849,66.3398268398268
519,captcha_215_rotated_4.png,26.8484848484849,66.3398268398268
520,captcha_216_rotated_1.png,26.8484848484849,151.75649350649343
521,captcha_216_rotated_2.png,26.8484848484849,151.75649350649343
522,captcha_216_rotated_3.png,26.8484848484849,151.75649350649343
523,captcha_216_rotated_4.png,26.8484848484849,151.75649350649343
524,captcha_217_rotated_1.png,169.94913419913425,173.94264069264068
525,captcha_217_rotated_2.png,169.94913419913425,173.94264069264068
526,captcha_217_rotated_3.png,169.94913419913425,173.94264069264068
527,captcha_217_rotated_4.png,169.94913419913425,173.94264069264068
528,captcha_218_rotated_1.png,149.98160173160176,44.1536796536796
529,captcha_218_rotated_2.png,149.98160173160176,44.1536796536796
530,captcha_218_rotated_3.png,149.98160173160176,44.1536796536796
531,captcha_218_rotated_4.png,149.98160173160176,44.1536796536796
532,captcha_219_rotated_1.png,171.0584415584416,56.356060606060566
533,captcha_219_rotated_2.png,171.0584415584416,56.356060606060566
534,captcha_219_rotated_3.png,171.0584415584416,56.356060606060566
535,captcha_219_rotated_4.png,171.0584415584416,56.356060606060566
536,captcha_22_rotated_1.png,47.92532467532472,106.27489177489171
537,captcha_22_rotated_2.png,47.92532467532472,106.27489177489171
538,captcha_22_rotated_3.png,47.92532467532472,106.27489177489171
539,captcha_22_rotated_4.png,47.92532467532472,106.27489177489171
540,captcha_220_rotated_1.png,77.87662337662343,135.11688311688303
541,captcha_220_rotated_2.png,77.87662337662343,135.11688311688303
542,captcha_220_rotated_3.png,77.87662337662343,135.11688311688303
543,captcha_220_rotated_4.png,77.87662337662343,135.11688311688303
544,captcha_221_rotated_1.png,20.19264069264071,91.85389610389603
545,captcha_221_rotated_2.png,20.19264069264071,91.85389610389603
546,captcha_221_rotated_3.png,20.19264069264071,91.85389610389603
547,captcha_221_rotated_4.png,20.19264069264071,91.85389610389603
548,captcha_222_rotated_1.png,107.82792207792212,36.3885281385281
549,captcha_222_rotated_2.png,107.82792207792212,36.3885281385281
550,captcha_222_rotated_3.png,107.82792207792212,36.3885281385281
551,captcha_222_rotated_4.png,107.82792207792212,36.3885281385281
552,captcha_223_rotated_1.png,153.30952380952385,35.279220779220736
553,captcha_223_rotated_2.png,153.30952380952385,35.279220779220736
554,captcha_223_rotated_3.png,153.30952380952385,35.279220779220736
555,captcha_223_rotated_4.png,153.30952380952385,35.279220779220736
556,captcha_224_rotated_1.png,135.5606060606061,24.18614718614714
557,captcha_224_rotated_2.png,135.5606060606061,24.18614718614714
558,captcha_224_rotated_3.png,135.5606060606061,24.18614718614714
559,captcha_224_rotated_4.png,135.5606060606061,24.18614718614714
560,captcha_225_rotated_1.png,184.3701298701299,65.23051948051943
561,captcha_225_rotated_2.png,184.3701298701299,65.23051948051943
562,captcha_225_rotated_3.png,184.3701298701299,65.23051948051943
563,captcha_225_rotated_4.png,184.3701298701299,65.23051948051943
564,captcha_226_rotated_1.png,169.94913419913425,116.258658008658
565,captcha_226_rotated_2.png,169.94913419913425,116.258658008658
566,captcha_226_rotated_3.png,169.94913419913425,116.258658008658
567,captcha_226_rotated_4.png,169.94913419913425,116.258658008658
568,captcha_227_rotated_1.png,195.4632034632035,97.40043290043288
569,captcha_227_rotated_2.png,195.4632034632035,97.40043290043288
570,captcha_227_rotated_3.png,195.4632034632035,97.40043290043288
571,captcha_227_rotated_4.png,195.4632034632035,97.40043290043288
572,captcha_228_rotated_1.png,43.48809523809528,37.49783549783541
573,captcha_228_rotated_2.png,43.48809523809528,37.49783549783541
574,captcha_228_rotated_3.png,43.48809523809528,37.49783549783541
575,captcha_228_rotated_4.png,43.48809523809528,37.49783549783541
576,captcha_229_rotated_1.png,29.06709956709965,176.1612554112553
577,captcha_229_rotated_2.png,29.06709956709965,176.1612554112553
578,captcha_229_rotated_3.png,29.06709956709965,176.1612554112553
579,captcha_229_rotated_4.png,29.06709956709965,176.1612554112553
580,captcha_23_rotated_1.png,81.20454545454547,130.67965367965363
581,captcha_23_rotated_2.png,81.20454545454547,130.67965367965363
582,captcha_23_rotated_3.png,81.20454545454547,130.67965367965363
583,captcha_23_rotated_4.png,81.20454545454547,130.67965367965363
584,captcha_230_rotated_1.png,173.2770562770563,50.80952380952374
585,captcha_230_rotated_2.png,173.2770562770563,50.80952380952374
586,captcha_230_rotated_3.png,173.2770562770563,50.80952380952374
587,captcha_230_rotated_4.png,173.2770562770563,50.80952380952374
588,captcha_231_rotated_1.png,147.76298701298705,67.44913419913416
589,captcha_231_rotated_2.png,147.76298701298705,67.44913419913416
590,captcha_231_rotated_3.png,147.76298701298705,67.44913419913416
591,captcha_231_rotated_4.png,147.76298701298705,67.44913419913416
592,captcha_232_rotated_1.png,84.53246753246756,49.70021645021637
593,captcha_232_rotated_2.png,84.53246753246756,49.70021645021637
594,captcha_232_rotated_3.png,84.53246753246756,49.70021645021637
595,captcha_232_rotated_4.png,84.53246753246756,49.70021645021637
596,captcha_233_rotated_1.png,81.20454545454547,57.46536796536793
597,captcha_233_rotated_2.png,81.20454545454547,57.46536796536793
598,captcha_233_rotated_3.png,81.20454545454547,57.46536796536793
599,captcha_233_rotated_4.png,81.20454545454547,57.46536796536793
600,captcha_234_rotated_1.png,77.87662337662343,44.1536796536796
601,captcha_234_rotated_2.png,77.87662337662343,44.1536796536796
602,captcha_234_rotated_3.png,77.87662337662343,44.1536796536796
603,captcha_234_rotated_4.png,77.87662337662343,44.1536796536796
604,captcha_235_rotated_1.png,30.17640692640694,108.49350649350647
605,captcha_235_rotated_2.png,30.17640692640694,108.49350649350647
606,captcha_235_rotated_3.png,30.17640692640694,108.49350649350647
607,captcha_235_rotated_4.png,30.17640692640694,108.49350649350647
608,captcha_236_rotated_1.png,151.09090909090915,183.9264069264069
609,captcha_236_rotated_2.png,151.09090909090915,183.9264069264069
610,captcha_236_rotated_3.png,151.09090909090915,183.9264069264069
611,captcha_236_rotated_4.png,151.09090909090915,183.9264069264069
612,captcha_237_rotated_1.png,135.5606060606061,138.4448051948052
613,captcha_237_rotated_2.png,135.5606060606061,138.4448051948052
614,captcha_237_rotated_3.png,135.5606060606061,138.4448051948052
615,captcha_237_rotated_4.png,135.5606060606061,138.4448051948052
616,captcha_238_rotated_1.png,46.816017316017366,31.95129870129864
617,captcha_238_rotated_2.png,46.816017316017366,31.95129870129864
618,captcha_238_rotated_3.png,46.816017316017366,31.95129870129864
619,captcha_238_rotated_4.png,46.816017316017366,31.95129870129864
620,captcha_239_rotated_1.png,156.63744588744592,57.46536796536793
621,captcha_239_rotated_2.png,156.63744588744592,57.46536796536793
622,captcha_239_rotated_3.png,156.63744588744592,57.46536796536793
623,captcha_239_rotated_4.png,156.63744588744592,57.46536796536793
624,captcha_24_rotated_1.png,157.7467532467533,173.94264069264068
625,captcha_24_rotated_2.png,157.7467532467533,173.94264069264068
626,captcha_24_rotated_3.png,157.7467532467533,173.94264069264068
627,captcha_24_rotated_4.png,157.7467532467533,173.94264069264068
628,captcha_240_rotated_1.png,121.1396103896104,61.90259740259734
629,captcha_240_rotated_2.png,121.1396103896104,61.90259740259734
630,captcha_240_rotated_3.png,121.1396103896104,61.90259740259734
631,captcha_240_rotated_4.png,121.1396103896104,61.90259740259734
632,captcha_241_rotated_1.png,131.12337662337669,173.94264069264068
633,captcha_241_rotated_2.png,131.12337662337669,173.94264069264068
634,captcha_241_rotated_3.png,131.12337662337669,173.94264069264068
635,captcha_241_rotated_4.png,131.12337662337669,173.94264069264068
636,captcha_242_rotated_1.png,22.41125541125544,128.46103896103887
637,captcha_242_rotated_2.png,22.41125541125544,128.46103896103887
638,captcha_242_rotated_3.png,22.41125541125544,128.46103896103887
639,captcha_242_rotated_4.png,22.41125541125544,128.46103896103887
640,captcha_243_rotated_1.png,184.3701298701299,20.85822510822504
641,captcha_243_rotated_2.png,184.3701298701299,20.85822510822504
642,captcha_243_rotated_3.png,184.3701298701299,20.85822510822504
643,captcha_243_rotated_4.png,184.3701298701299,20.85822510822504
644,captcha_244_rotated_1.png,100.06277056277062,122.91450216450208
645,captcha_244_rotated_2.png,100.06277056277062,122.91450216450208
646,captcha_244_rotated_3.png,100.06277056277062,122.91450216450208
647,captcha_244_rotated_4.png,100.06277056277062,122.91450216450208
648,captcha_245_rotated_1.png,138.8885281385282,77.4329004329004
649,captcha_245_rotated_2.png,138.8885281385282,77.4329004329004
650,captcha_245_rotated_3.png,138.8885281385282,77.4329004329004
651,captcha_245_rotated_4.png,138.8885281385282,77.4329004329004
652,captcha_246_rotated_1.png,115.59307359307364,137.3354978354978
653,captcha_246_rotated_2.png,115.59307359307364,137.3354978354978
654,captcha_246_rotated_3.png,115.59307359307364,137.3354978354978
655,captcha_246_rotated_4.png,115.59307359307364,137.3354978354978
656,captcha_247_rotated_1.png,103.39069264069266,163.95887445887445
657,captcha_247_rotated_2.png,103.39069264069266,163.95887445887445
658,captcha_247_rotated_3.png,103.39069264069266,163.95887445887445
659,captcha_247_rotated_4.png,103.39069264069266,163.95887445887445
660,captcha_248_rotated_1.png,187.698051948052,40.82575757575751
661,captcha_248_rotated_2.png,187.698051948052,40.82575757575751
662,captcha_248_rotated_3.png,187.698051948052,40.82575757575751
663,captcha_248_rotated_4.png,187.698051948052,40.82575757575751
664,captcha_249_rotated_1.png,21.30194805194808,119.58658008658004
665,captcha_249_rotated_2.png,21.30194805194808,119.58658008658004
666,captcha_249_rotated_3.png,21.30194805194808,119.58658008658004
667,captcha_249_rotated_4.png,21.30194805194808,119.58658008658004
668,captcha_25_rotated_1.png,31.285714285714302,128.46103896103887
669,captcha_25_rotated_2.png,31.285714285714302,128.46103896103887
670,captcha_25_rotated_3.png,31.285714285714302,128.46103896103887
671,captcha_25_rotated_4.png,31.285714285714302,128.46103896103887
672,captcha_250_rotated_1.png,167.73051948051952,195.01948051948045
673,captcha_250_rotated_2.png,167.73051948051952,195.01948051948045
674,captcha_250_rotated_3.png,167.73051948051952,195.01948051948045
675,captcha_250_rotated_4.png,167.73051948051952,195.01948051948045
676,captcha_251_rotated_1.png,39.05086580086586,28.623376623376544
677,captcha_251_rotated_2.png,39.05086580086586,28.623376623376544
678,captcha_251_rotated_3.png,39.05086580086586,28.623376623376544
679,captcha_251_rotated_4.png,39.05086580086586,28.623376623376544
680,captcha_252_rotated_1.png,13.536796536796572,170.61471861471858
681,captcha_252_rotated_2.png,13.536796536796572,170.61471861471858
682,captcha_252_rotated_3.png,13.536796536796572,170.61471861471858
683,captcha_252_rotated_4.png,13.536796536796572,170.61471861471858
684,captcha_253_rotated_1.png,14.646103896103938,35.279220779220736
685,captcha_253_rotated_2.png,14.646103896103938,35.279220779220736
686,captcha_253_rotated_3.png,14.646103896103938,35.279220779220736
687,captcha_253_rotated_4.png,14.646103896103938,35.279220779220736
688,captcha_254_rotated_1.png,131.12337662337669,140.66341991341983
689,captcha_254_rotated_2.png,131.12337662337669,140.66341991341983
690,captcha_254_rotated_3.png,131.12337662337669,140.66341991341983
691,captcha_254_rotated_4.png,131.12337662337669,140.66341991341983
692,captcha_255_rotated_1.png,23.520562770562805,178.37987012987008
693,captcha_255_rotated_2.png,23.520562770562805,178.37987012987008
694,captcha_255_rotated_3.png,23.520562770562805,178.37987012987008
695,captcha_255_rotated_4.png,23.520562770562805,178.37987012987008
696,captcha_256_rotated_1.png,73.43939393939397,76.32359307359303
697,captcha_256_rotated_2.png,73.43939393939397,76.32359307359303
698,captcha_256_rotated_3.png,73.43939393939397,76.32359307359303
699,captcha_256_rotated_4.png,73.43939393939397,76.32359307359303
700,captcha_257_rotated_1.png,149.98160173160176,58.57467532467524
701,captcha_257_rotated_2.png,149.98160173160176,58.57467532467524
702,captcha_257_rotated_3.png,149.98160173160176,58.57467532467524
703,captcha_257_rotated_4.png,149.98160173160176,58.57467532467524
704,captcha_258_rotated_1.png,154.4188311688312,176.1612554112553
705,captcha_258_rotated_2.png,154.4188311688312,176.1612554112553
706,captcha_258_rotated_3.png,154.4188311688312,176.1612554112553
707,captcha_258_rotated_4.png,154.4188311688312,176.1612554112553
708,captcha_259_rotated_1.png,59.01839826839832,92.9632034632034
709,captcha_259_rotated_2.png,59.01839826839832,92.9632034632034
710,captcha_259_rotated_3.png,59.01839826839832,92.9632034632034
711,captcha_259_rotated_4.png,59.01839826839832,92.9632034632034
712,captcha_26_rotated_1.png,95.62554112554116,61.90259740259734
713,captcha_26_rotated_2.png,95.62554112554116,61.90259740259734
714,captcha_26_rotated_3.png,95.62554112554116,61.90259740259734
715,captcha_26_rotated_4.png,95.62554112554116,61.90259740259734
716,captcha_260_rotated_1.png,81.20454545454547,117.36796536796533
717,captcha_260_rotated_2.png,81.20454545454547,117.36796536796533
718,captcha_260_rotated_3.png,81.20454545454547,117.36796536796533
719,captcha_260_rotated_4.png,81.20454545454547,117.36796536796533
720,captcha_261_rotated_1.png,50.143939393939405,20.85822510822504
721,captcha_261_rotated_2.png,50.143939393939405,20.85822510822504
722,captcha_261_rotated_3.png,50.143939393939405,20.85822510822504
723,captcha_261_rotated_4.png,50.143939393939405,20.85822510822504
724,captcha_262_rotated_1.png,167.73051948051952,122.91450216450208
725,captcha_262_rotated_2.png,167.73051948051952,122.91450216450208
726,captcha_262_rotated_3.png,167.73051948051952,122.91450216450208
727,captcha_262_rotated_4.png,167.73051948051952,122.91450216450208
728,captcha_263_rotated_1.png,101.17207792207792,122.91450216450208
729,captcha_263_rotated_2.png,101.17207792207792,122.91450216450208
730,captcha_263_rotated_3.png,101.17207792207792,122.91450216450208
731,captcha_263_rotated_4.png,101.17207792207792,122.91450216450208
732,captcha_264_rotated_1.png,146.6536796536797,187.2543290043289
733,captcha_264_rotated_2.png,146.6536796536797,187.2543290043289
734,captcha_264_rotated_3.png,146.6536796536797,187.2543290043289
735,captcha_264_rotated_4.png,146.6536796536797,187.2543290043289
736,captcha_265_rotated_1.png,175.49567099567105,147.319264069264
737,captcha_265_rotated_2.png,175.49567099567105,147.319264069264
738,captcha_265_rotated_3.png,175.49567099567105,147.319264069264
739,captcha_265_rotated_4.png,175.49567099567105,147.319264069264
740,captcha_266_rotated_1.png,142.21645021645023,30.841991341991275
741,captcha_266_rotated_2.png,142.21645021645023,30.841991341991275
742,captcha_266_rotated_3.png,142.21645021645023,30.841991341991275
743,captcha_266_rotated_4.png,142.21645021645023,30.841991341991275
744,captcha_267_rotated_1.png,163.29329004329009,114.04004329004324
745,captcha_267_rotated_2.png,163.29329004329009,114.04004329004324
746,captcha_267_rotated_3.png,163.29329004329009,114.04004329004324
747,captcha_267_rotated_4.png,163.29329004329009,114.04004329004324
748,captcha_268_rotated_1.png,139.99783549783555,104.056277056277
749,captcha_268_rotated_2.png,139.99783549783555,104.056277056277
750,captcha_268_rotated_3.png,139.99783549783555,104.056277056277
751,captcha_268_rotated_4.png,139.99783549783555,104.056277056277
752,captcha_269_rotated_1.png,90.0790043290044,152.8658008658008
753,captcha_269_rotated_2.png,90.0790043290044,152.8658008658008
754,captcha_269_rotated_3.png,90.0790043290044,152.8658008658008
755,captcha_269_rotated_4.png,90.0790043290044,152.8658008658008
756,captcha_27_rotated_1.png,141.1071428571429,66.3398268398268
757,captcha_27_rotated_2.png,141.1071428571429,66.3398268398268
758,captcha_27_rotated_3.png,141.1071428571429,66.3398268398268
759,captcha_27_rotated_4.png,141.1071428571429,66.3398268398268
760,captcha_270_rotated_1.png,72.3300865800866,169.50541125541122
761,captcha_270_rotated_2.png,72.3300865800866,169.50541125541122
762,captcha_270_rotated_3.png,72.3300865800866,169.50541125541122
763,captcha_270_rotated_4.png,72.3300865800866,169.50541125541122
764,captcha_271_rotated_1.png,146.6536796536797,18.63961038961033
765,captcha_271_rotated_2.png,146.6536796536797,18.63961038961033
766,captcha_271_rotated_3.png,146.6536796536797,18.63961038961033
767,captcha_271_rotated_4.png,146.6536796536797,18.63961038961033
768,captcha_272_rotated_1.png,94.5162337662338,179.48917748917745
769,captcha_272_rotated_2.png,94.5162337662338,179.48917748917745
770,captcha_272_rotated_3.png,94.5162337662338,179.48917748917745
771,captcha_272_rotated_4.png,94.5162337662338,179.48917748917745
772,captcha_273_rotated_1.png,136.66991341991343,181.70779220779212
773,captcha_273_rotated_2.png,136.66991341991343,181.70779220779212
774,captcha_273_rotated_3.png,136.66991341991343,181.70779220779212
775,captcha_273_rotated_4.png,136.66991341991343,181.70779220779212
776,captcha_274_rotated_1.png,12.427489177489209,102.94696969696965
777,captcha_274_rotated_2.png,12.427489177489209,102.94696969696965
778,captcha_274_rotated_3.png,12.427489177489209,102.94696969696965
779,captcha_274_rotated_4.png,12.427489177489209,102.94696969696965
780,captcha_275_rotated_1.png,66.78354978354983,138.4448051948052
781,captcha_275_rotated_2.png,66.78354978354983,138.4448051948052
782,captcha_275_rotated_3.png,66.78354978354983,138.4448051948052
783,captcha_275_rotated_4.png,66.78354978354983,138.4448051948052
784,captcha_276_rotated_1.png,63.45562770562773,146.20995670995663
785,captcha_276_rotated_2.png,63.45562770562773,146.20995670995663
786,captcha_276_rotated_3.png,63.45562770562773,146.20995670995663
787,captcha_276_rotated_4.png,63.45562770562773,146.20995670995663
788,captcha_277_rotated_1.png,114.48376623376626,71.88636363636357
789,captcha_277_rotated_2.png,114.48376623376626,71.88636363636357
790,captcha_277_rotated_3.png,114.48376623376626,71.88636363636357
791,captcha_277_rotated_4.png,114.48376623376626,71.88636363636357
792,captcha_278_rotated_1.png,161.07467532467535,56.356060606060566
793,captcha_278_rotated_2.png,161.07467532467535,56.356060606060566
794,captcha_278_rotated_3.png,161.07467532467535,56.356060606060566
795,captcha_278_rotated_4.png,161.07467532467535,56.356060606060566
796,captcha_279_rotated_1.png,70.11147186147193,25.295454545454504
797,captcha_279_rotated_2.png,70.11147186147193,25.295454545454504
798,captcha_279_rotated_3.png,70.11147186147193,25.295454545454504
799,captcha_279_rotated_4.png,70.11147186147193,25.295454545454504
800,captcha_28_rotated_1.png,130.0140692640693,138.4448051948052
801,captcha_28_rotated_2.png,130.0140692640693,138.4448051948052
802,captcha_28_rotated_3.png,130.0140692640693,138.4448051948052
803,captcha_28_rotated_4.png,130.0140692640693,138.4448051948052
804,captcha_280_rotated_1.png,45.70670995671,81.8701298701298
805,captcha_280_rotated_2.png,45.70670995671,81.8701298701298
806,captcha_280_rotated_3.png,45.70670995671,81.8701298701298
807,captcha_280_rotated_4.png,45.70670995671,81.8701298701298
808,captcha_281_rotated_1.png,139.99783549783555,14.202380952380906
809,captcha_281_rotated_2.png,139.99783549783555,14.202380952380906
810,captcha_281_rotated_3.png,139.99783549783555,14.202380952380906
811,captcha_281_rotated_4.png,139.99783549783555,14.202380952380906
812,captcha_282_rotated_1.png,181.04220779220785,17.53030303030296
813,captcha_282_rotated_2.png,181.04220779220785,17.53030303030296
814,captcha_282_rotated_3.png,181.04220779220785,17.53030303030296
815,captcha_282_rotated_4.png,181.04220779220785,17.53030303030296
816,captcha_283_rotated_1.png,32.395021645021686,107.3841991341991
817,captcha_283_rotated_2.png,32.395021645021686,107.3841991341991
818,captcha_283_rotated_3.png,32.395021645021686,107.3841991341991
819,captcha_283_rotated_4.png,32.395021645021686,107.3841991341991
820,captcha_284_rotated_1.png,30.17640692640694,87.41666666666663
821,captcha_284_rotated_2.png,30.17640692640694,87.41666666666663
822,captcha_284_rotated_3.png,30.17640692640694,87.41666666666663
823,captcha_284_rotated_4.png,30.17640692640694,87.41666666666663
824,captcha_285_rotated_1.png,85.64177489177493,119.58658008658004
825,captcha_285_rotated_2.png,85.64177489177493,119.58658008658004
826,captcha_285_rotated_3.png,85.64177489177493,119.58658008658004
827,captcha_285_rotated_4.png,85.64177489177493,119.58658008658004
828,captcha_286_rotated_1.png,10.208874458874476,157.30303030303023
829,captcha_286_rotated_2.png,10.208874458874476,157.30303030303023
830,captcha_286_rotated_3.png,10.208874458874476,157.30303030303023
831,captcha_286_rotated_4.png,10.208874458874476,157.30303030303023
832,captcha_287_rotated_1.png,29.06709956709965,121.8051948051948
833,captcha_287_rotated_2.png,29.06709956709965,121.8051948051948
834,captcha_287_rotated_3.png,29.06709956709965,121.8051948051948
835,captcha_287_rotated_4.png,29.06709956709965,121.8051948051948
836,captcha_288_rotated_1.png,13.536796536796572,99.6190476190476
837,captcha_288_rotated_2.png,13.536796536796572,99.6190476190476
838,captcha_288_rotated_3.png,13.536796536796572,99.6190476190476
839,captcha_288_rotated_4.png,13.536796536796572,99.6190476190476
840,captcha_289_rotated_1.png,156.63744588744592,102.94696969696965
841,captcha_289_rotated_2.png,156.63744588744592,102.94696969696965
842,captcha_289_rotated_3.png,156.63744588744592,102.94696969696965
843,captcha_289_rotated_4.png,156.63744588744592,102.94696969696965
844,captcha_29_rotated_1.png,137.7792207792208,106.27489177489171
845,captcha_29_rotated_2.png,137.7792207792208,106.27489177489171
846,captcha_29_rotated_3.png,137.7792207792208,106.27489177489171
847,captcha_29_rotated_4.png,137.7792207792208,106.27489177489171
848,captcha_290_rotated_1.png,14.646103896103938,39.71645021645014
849,captcha_290_rotated_2.png,14.646103896103938,39.71645021645014
850,captcha_290_rotated_3.png,14.646103896103938,39.71645021645014
851,captcha_290_rotated_4.png,14.646103896103938,39.71645021645014
852,captcha_291_rotated_1.png,138.8885281385282,166.17748917748912
853,captcha_291_rotated_2.png,138.8885281385282,166.17748917748912
854,captcha_291_rotated_3.png,138.8885281385282,166.17748917748912
855,captcha_291_rotated_4.png,138.8885281385282,166.17748917748912
856,captcha_292_rotated_1.png,164.40259740259745,19.74891774891768
857,captcha_292_rotated_2.png,164.40259740259745,19.74891774891768
858,captcha_292_rotated_3.png,164.40259740259745,19.74891774891768
859,captcha_292_rotated_4.png,164.40259740259745,19.74891774891768
860,captcha_293_rotated_1.png,61.237012987013,109.60281385281384
861,captcha_293_rotated_2.png,61.237012987013,109.60281385281384
862,captcha_293_rotated_3.png,61.237012987013,109.60281385281384
863,captcha_293_rotated_4.png,61.237012987013,109.60281385281384
864,captcha_294_rotated_1.png,77.87662337662343,114.04004329004324
865,captcha_294_rotated_2.png,77.87662337662343,114.04004329004324
866,captcha_294_rotated_3.png,77.87662337662343,114.04004329004324
867,captcha_294_rotated_4.png,77.87662337662343,114.04004329004324
868,captcha_295_rotated_1.png,144.43506493506496,51.91883116883111
869,captcha_295_rotated_2.png,144.43506493506496,51.91883116883111
870,captcha_295_rotated_3.png,144.43506493506496,51.91883116883111
871,captcha_295_rotated_4.png,144.43506493506496,51.91883116883111
872,captcha_296_rotated_1.png,182.1515151515152,114.04004329004324
873,captcha_296_rotated_2.png,182.1515151515152,114.04004329004324
874,captcha_296_rotated_3.png,182.1515151515152,114.04004329004324
875,captcha_296_rotated_4.png,182.1515151515152,114.04004329004324
876,captcha_297_rotated_1.png,117.8116883116884,158.41233766233762
877,captcha_297_rotated_2.png,117.8116883116884,158.41233766233762
878,captcha_297_rotated_3.png,117.8116883116884,158.41233766233762
879,captcha_297_rotated_4.png,117.8116883116884,158.41233766233762
880,captcha_298_rotated_1.png,147.76298701298705,66.3398268398268
881,captcha_298_rotated_2.png,147.76298701298705,66.3398268398268
882,captcha_298_rotated_3.png,147.76298701298705,66.3398268398268
883,captcha_298_rotated_4.png,147.76298701298705,66.3398268398268
884,captcha_299_rotated_1.png,183.2608225108225,85.1980519480519
885,captcha_299_rotated_2.png,183.2608225108225,85.1980519480519
886,captcha_299_rotated_3.png,183.2608225108225,85.1980519480519
887,captcha_299_rotated_4.png,183.2608225108225,85.1980519480519
888,captcha_3_rotated_1.png,33.50432900432904,173.94264069264068
889,captcha_3_rotated_2.png,33.50432900432904,173.94264069264068
890,captcha_3_rotated_3.png,33.50432900432904,173.94264069264068
891,captcha_3_rotated_4.png,33.50432900432904,173.94264069264068
892,captcha_30_rotated_1.png,26.8484848484849,109.60281385281384
893,captcha_30_rotated_2.png,26.8484848484849,109.60281385281384
894,captcha_30_rotated_3.png,26.8484848484849,109.60281385281384
895,captcha_30_rotated_4.png,26.8484848484849,109.60281385281384
896,captcha_300_rotated_1.png,151.09090909090915,117.36796536796533
897,captcha_300_rotated_2.png,151.09090909090915,117.36796536796533
898,captcha_300_rotated_3.png,151.09090909090915,117.36796536796533
899,captcha_300_rotated_4.png,151.09090909090915,117.36796536796533
900,captcha_301_rotated_1.png,53.4718614718615,71.88636363636357
901,captcha_301_rotated_2.png,53.4718614718615,71.88636363636357
902,captcha_301_rotated_3.png,53.4718614718615,71.88636363636357
903,captcha_301_rotated_4.png,53.4718614718615,71.88636363636357
904,captcha_302_rotated_1.png,45.70670995671,158.41233766233762
905,captcha_302_rotated_2.png,45.70670995671,158.41233766233762
906,captcha_302_rotated_3.png,45.70670995671,158.41233766233762
907,captcha_302_rotated_4.png,45.70670995671,158.41233766233762
908,captcha_303_rotated_1.png,101.17207792207792,54.13744588744584
909,captcha_303_rotated_2.png,101.17207792207792,54.13744588744584
910,captcha_303_rotated_3.png,101.17207792207792,54.13744588744584
911,captcha_303_rotated_4.png,101.17207792207792,54.13744588744584
912,captcha_304_rotated_1.png,10.208874458874476,41.93506493506487
913,captcha_304_rotated_2.png,10.208874458874476,41.93506493506487
914,captcha_304_rotated_3.png,10.208874458874476,41.93506493506487
915,captcha_304_rotated_4.png,10.208874458874476,41.93506493506487
916,captcha_305_rotated_1.png,44.59740259740264,180.5984848484848
917,captcha_305_rotated_2.png,44.59740259740264,180.5984848484848
918,captcha_305_rotated_3.png,44.59740259740264,180.5984848484848
919,captcha_305_rotated_4.png,44.59740259740264,180.5984848484848
920,captcha_306_rotated_1.png,56.7997835497836,176.1612554112553
921,captcha_306_rotated_2.png,56.7997835497836,176.1612554112553
922,captcha_306_rotated_3.png,56.7997835497836,176.1612554112553
923,captcha_306_rotated_4.png,56.7997835497836,176.1612554112553
924,captcha_307_rotated_1.png,141.1071428571429,128.46103896103887
925,captcha_307_rotated_2.png,141.1071428571429,128.46103896103887
926,captcha_307_rotated_3.png,141.1071428571429,128.46103896103887
927,captcha_307_rotated_4.png,141.1071428571429,128.46103896103887
928,captcha_308_rotated_1.png,187.698051948052,161.74025974025972
929,captcha_308_rotated_2.png,187.698051948052,161.74025974025972
930,captcha_308_rotated_3.png,187.698051948052,161.74025974025972
931,captcha_308_rotated_4.png,187.698051948052,161.74025974025972
932,captcha_309_rotated_1.png,174.38636363636363,126.2424242424242
933,captcha_309_rotated_2.png,174.38636363636363,126.2424242424242
934,captcha_309_rotated_3.png,174.38636363636363,126.2424242424242
935,captcha_309_rotated_4.png,174.38636363636363,126.2424242424242
936,captcha_31_rotated_1.png,31.285714285714302,176.1612554112553
937,captcha_31_rotated_2.png,31.285714285714302,176.1612554112553
938,captcha_31_rotated_3.png,31.285714285714302,176.1612554112553
939,captcha_31_rotated_4.png,31.285714285714302,176.1612554112553
940,captcha_310_rotated_1.png,115.59307359307364,28.623376623376544
941,captcha_310_rotated_2.png,115.59307359307364,28.623376623376544
942,captcha_310_rotated_3.png,115.59307359307364,28.623376623376544
943,captcha_310_rotated_4.png,115.59307359307364,28.623376623376544
944,captcha_311_rotated_1.png,153.30952380952385,201.67532467532465
945,captcha_311_rotated_2.png,153.30952380952385,201.67532467532465
946,captcha_311_rotated_3.png,153.30952380952385,201.67532467532465
947,captcha_311_rotated_4.png,153.30952380952385,201.67532467532465
948,captcha_312_rotated_1.png,159.965367965368,85.1980519480519
949,captcha_312_rotated_2.png,159.965367965368,85.1980519480519
950,captcha_312_rotated_3.png,159.965367965368,85.1980519480519
951,captcha_312_rotated_4.png,159.965367965368,85.1980519480519
952,captcha_313_rotated_1.png,105.6093073593074,48.59090909090901
953,captcha_313_rotated_2.png,105.6093073593074,48.59090909090901
954,captcha_313_rotated_3.png,105.6093073593074,48.59090909090901
955,captcha_313_rotated_4.png,105.6093073593074,48.59090909090901
956,captcha_314_rotated_1.png,171.0584415584416,90.74458874458868
957,captcha_314_rotated_2.png,171.0584415584416,90.74458874458868
958,captcha_314_rotated_3.png,171.0584415584416,90.74458874458868
959,captcha_314_rotated_4.png,171.0584415584416,90.74458874458868
960,captcha_315_rotated_1.png,46.816017316017366,186.14502164502164
961,captcha_315_rotated_2.png,46.816017316017366,186.14502164502164
962,captcha_315_rotated_3.png,46.816017316017366,186.14502164502164
963,captcha_315_rotated_4.png,46.816017316017366,186.14502164502164
964,captcha_316_rotated_1.png,84.53246753246756,187.2543290043289
965,captcha_316_rotated_2.png,84.53246753246756,187.2543290043289
966,captcha_316_rotated_3.png,84.53246753246756,187.2543290043289
967,captcha_316_rotated_4.png,84.53246753246756,187.2543290043289
968,captcha_32_rotated_1.png,123.35822510822516,117.36796536796533
969,captcha_32_rotated_2.png,123.35822510822516,117.36796536796533
970,captcha_32_rotated_3.png,123.35822510822516,117.36796536796533
971,captcha_32_rotated_4.png,123.35822510822516,117.36796536796533
972,captcha_33_rotated_1.png,179.93290043290048,159.521645021645
973,captcha_33_rotated_2.png,179.93290043290048,159.521645021645
974,captcha_33_rotated_3.png,179.93290043290048,159.521645021645
975,captcha_33_rotated_4.png,179.93290043290048,159.521645021645
976,captcha_34_rotated_1.png,159.965367965368,75.2142857142857
977,captcha_34_rotated_2.png,159.965367965368,75.2142857142857
978,captcha_34_rotated_3.png,159.965367965368,75.2142857142857
979,captcha_34_rotated_4.png,159.965367965368,75.2142857142857
980,captcha_35_rotated_1.png,187.698051948052,33.060606060606005
981,captcha_35_rotated_2.png,187.698051948052,33.060606060606005
982,captcha_35_rotated_3.png,187.698051948052,33.060606060606005
983,captcha_35_rotated_4.png,187.698051948052,33.060606060606005
984,captcha_36_rotated_1.png,183.2608225108225,88.525974025974
985,captcha_36_rotated_2.png,183.2608225108225,88.525974025974
986,captcha_36_rotated_3.png,183.2608225108225,88.525974025974
987,captcha_36_rotated_4.png,183.2608225108225,88.525974025974
988,captcha_37_rotated_1.png,157.7467532467533,150.6471861471861
989,captcha_37_rotated_2.png,157.7467532467533,150.6471861471861
990,captcha_37_rotated_3.png,157.7467532467533,150.6471861471861
991,captcha_37_rotated_4.png,157.7467532467533,150.6471861471861
992,captcha_38_rotated_1.png,92.2976190476191,61.90259740259734
993,captcha_38_rotated_2.png,92.2976190476191,61.90259740259734
994,captcha_38_rotated_3.png,92.2976190476191,61.90259740259734
995,captcha_38_rotated_4.png,92.2976190476191,61.90259740259734
996,captcha_39_rotated_1.png,57.90909090909096,90.74458874458868
997,captcha_39_rotated_2.png,57.90909090909096,90.74458874458868
998,captcha_39_rotated_3.png,57.90909090909096,90.74458874458868
999,captcha_39_rotated_4.png,57.90909090909096,90.74458874458868
1000,captcha_4_rotated_1.png,80.09523809523816,75.2142857142857
1001,captcha_4_rotated_2.png,80.09523809523816,75.2142857142857
1002,captcha_4_rotated_3.png,80.09523809523816,75.2142857142857
1003,captcha_4_rotated_4.png,80.09523809523816,75.2142857142857
1004,captcha_40_rotated_1.png,108.93722943722948,145.1006493506493
1005,captcha_40_rotated_2.png,108.93722943722948,145.1006493506493
1006,captcha_40_rotated_3.png,108.93722943722948,145.1006493506493
1007,captcha_40_rotated_4.png,108.93722943722948,145.1006493506493
1008,captcha_41_rotated_1.png,31.285714285714302,51.91883116883111
1009,captcha_41_rotated_2.png,31.285714285714302,51.91883116883111
1010,captcha_41_rotated_3.png,31.285714285714302,51.91883116883111
1011,captcha_41_rotated_4.png,31.285714285714302,51.91883116883111
